date,race_id,place_name,r_num,race_name,distance,枠番,馬番,馬名,性齢,斤量,騎手,単勝,人気
2026-09-13,202636091301,水沢,1,C2,850,1,1,キタスクワート,牡12,52.0,斉藤友香,15.0,99
2026-09-13,202636091301,水沢,1,C2,850,2,2,コンバットベラ,牝4,54.0,岩本怜,15.0,99
2026-09-13,202636091301,水沢,1,C2,850,3,3,ハートループ,牝6,54.0,阿部英俊,15.0,99
2026-09-13,202636091301,水沢,1,C2,850,4,4,ファイストス,牝5,54.0,菅原辰徳,15.0,99
2026-09-13,202636091301,水沢,1,C2,850,5,5,ティルナノーグ,セ4,54.0,関本玲花,15.0,99
2026-09-13,202636091301,水沢,1,C2,850,6,6,リトルプリンセス,牝4,54.0,鈴木祐,15.0,99
2026-09-13,202636091301,水沢,1,C2,850,7,7,エッシャー,セ12,56.0,小林凌,15.0,99
2026-09-13,202636091301,水沢,1,C2,850,7,8,タマモオペラ,牝5,54.0,南郷家全,15.0,99
2026-09-13,202636091301,水沢,1,C2,850,8,9,ビップレジアス,牝7,54.0,塚本涼人,15.0,99
2026-09-13,202636091301,水沢,1,C2,850,8,10,キタクイン,牝6,53.0,坂井瑛音,15.0,99
2026-09-13,202636091302,水沢,2,C2九組,1300,1,1,ダンシングラブリー,牝6,54.0,岩本怜,15.0,99
2026-09-13,202636091302,水沢,2,C2九組,1300,2,2,サトノメドーサ,牝6,54.0,阿部英俊,15.0,99
2026-09-13,202636091302,水沢,2,C2九組,1300,3,3,ポイントバック,セ6,56.0,南郷家全,15.0,99
2026-09-13,202636091302,水沢,2,C2九組,1300,4,4,ピースオブライツ,牝4,54.0,佐々木志,15.0,99
2026-09-13,202636091302,水沢,2,C2九組,1300,5,5,ラストパラダイス,セ5,56.0,鈴木祐,15.0,99
2026-09-13,202636091302,水沢,2,C2九組,1300,6,6,アドマイヤハイジ,牝8,54.0,大坪慎,15.0,99
2026-09-13,202636091302,水沢,2,C2九組,1300,7,7,レアグリフォン,牡5,56.0,菅原辰徳,15.0,99
2026-09-13,202636091302,水沢,2,C2九組,1300,8,8,ゴールデンシロップ,牡8,55.0,坂井瑛音,15.0,99
2026-09-13,202636091302,水沢,2,C2九組,1300,8,9,グロー,牡7,56.0,山本聡紀,15.0,99
2026-09-13,202636091303,水沢,3,C2八組,1300,1,1,ミッキーハッスル,セ9,56.0,高松亮,15.0,99
2026-09-13,202636091303,水沢,3,C2八組,1300,2,2,ルレット,牝6,54.0,塚本涼人,15.0,99
2026-09-13,202636091303,水沢,3,C2八組,1300,3,3,ヒシタイカン,セ6,52.0,斉藤友香,15.0,99
2026-09-13,202636091303,水沢,3,C2八組,1300,4,4,エスシーヤマト,牝5,54.0,小林凌,15.0,99
2026-09-13,202636091303,水沢,3,C2八組,1300,5,5,サンエイキャノン,牡5,56.0,岩本怜,15.0,99
2026-09-13,202636091303,水沢,3,C2八組,1300,6,6,トリフォーリオ,牝4,54.0,佐々木志,15.0,99
2026-09-13,202636091303,水沢,3,C2八組,1300,7,7,ロッキータイタン,牡6,56.0,阿部英俊,15.0,99
2026-09-13,202636091303,水沢,3,C2八組,1300,8,8,マイネルイヴィンス,セ10,56.0,鈴木祐,15.0,99
2026-09-13,202636091303,水沢,3,C2八組,1300,8,9,ホウオウルバン,牡8,56.0,菅原辰徳,15.0,99
2026-09-13,202636091304,水沢,4,C2七組,1300,1,1,バイオレットモーヴ,牝9,54.0,高橋悠里,15.0,99
2026-09-13,202636091304,水沢,4,C2七組,1300,2,2,ヤマニンバルトロ,牡8,56.0,山本聡紀,15.0,99
2026-09-13,202636091304,水沢,4,C2七組,1300,3,3,サトノアヴァロン,セ7,55.0,坂井瑛音,15.0,99
2026-09-13,202636091304,水沢,4,C2七組,1300,4,4,ナンデフェスティヴ,牝7,54.0,小林凌,15.0,99
2026-09-13,202636091304,水沢,4,C2七組,1300,5,5,フークタオユエン,セ4,54.0,関本玲花,15.0,99
2026-09-13,202636091304,水沢,4,C2七組,1300,6,6,メイストーム,牡8,56.0,鈴木祐,15.0,99
2026-09-13,202636091304,水沢,4,C2七組,1300,7,7,ドナアフロディテ,牝5,54.0,山本聡哉,15.0,99
2026-09-13,202636091304,水沢,4,C2七組,1300,8,8,コウノノシラトリ,牡4,56.0,山本政聡,15.0,99
2026-09-13,202636091304,水沢,4,C2七組,1300,8,9,エヴィダンシア,牡7,56.0,高松亮,15.0,99
2026-09-13,202636091305,水沢,5,3歳C2三組,1400,1,1,ノアシルヴィ,牝3,54.0,大坪慎,15.0,99
2026-09-13,202636091305,水沢,5,3歳C2三組,1400,2,2,タカマキセブン,牝3,54.0,佐々木志,15.0,99
2026-09-13,202636091305,水沢,5,3歳C2三組,1400,3,3,ヴィーナスキック,牝3,50.0,斉藤友香,15.0,99
2026-09-13,202636091305,水沢,5,3歳C2三組,1400,4,4,エイシンティズナウ,牝3,52.0,関本玲花,15.0,99
2026-09-13,202636091305,水沢,5,3歳C2三組,1400,5,5,スーパーハイウェイ,牡3,56.0,菅原辰徳,15.0,99
2026-09-13,202636091305,水沢,5,3歳C2三組,1400,5,6,リトルエンジェル,牝3,54.0,塚本涼人,15.0,99
2026-09-13,202636091305,水沢,5,3歳C2三組,1400,6,7,グレイスルーラー,牝3,54.0,高橋悠里,15.0,99
2026-09-13,202636091305,水沢,5,3歳C2三組,1400,6,8,エクスペクタント,牡3,56.0,高松亮,15.0,99
2026-09-13,202636091305,水沢,5,3歳C2三組,1400,7,9,ガビーズデトワール,牝3,54.0,山本聡紀,15.0,99
2026-09-13,202636091305,水沢,5,3歳C2三組,1400,7,10,スズットアリス,牝3,54.0,岩本怜,15.0,99
2026-09-13,202636091305,水沢,5,3歳C2三組,1400,8,11,リスペクトライト,牡3,56.0,山本政聡,15.0,99
2026-09-13,202636091305,水沢,5,3歳C2三組,1400,8,12,コシタンタン,牝3,54.0,南郷家全,15.0,99
2026-09-13,202636091306,水沢,6,3歳C2二組,1400,1,1,ワイルドグレイス,牝3,54.0,佐々木志,15.0,99
2026-09-13,202636091306,水沢,6,3歳C2二組,1400,2,2,ジョイグリーン,セ3,56.0,高橋悠里,15.0,99
2026-09-13,202636091306,水沢,6,3歳C2二組,1400,3,3,グラッドキングダム,牡3,55.0,坂井瑛音,15.0,99
2026-09-13,202636091306,水沢,6,3歳C2二組,1400,4,4,エメラルドテソーロ,牝3,54.0,大坪慎,15.0,99
2026-09-13,202636091306,水沢,6,3歳C2二組,1400,5,5,ファイヤサラマンダ,牡3,56.0,菅原辰徳,15.0,99
2026-09-13,202636091306,水沢,6,3歳C2二組,1400,5,6,ラブデウザ,牝3,54.0,山本聡哉,15.0,99
2026-09-13,202636091306,水沢,6,3歳C2二組,1400,6,7,ナディア,牝3,54.0,小林凌,15.0,99
2026-09-13,202636091306,水沢,6,3歳C2二組,1400,6,8,ピルスナー,牝3,54.0,山本聡紀,15.0,99
2026-09-13,202636091306,水沢,6,3歳C2二組,1400,7,9,スタープレイン,牡3,56.0,南郷家全,15.0,99
2026-09-13,202636091306,水沢,6,3歳C2二組,1400,7,10,サトノトリニティ,牡3,56.0,山本政聡,15.0,99
2026-09-13,202636091306,水沢,6,3歳C2二組,1400,8,11,モンサンジャスミン,牝3,54.0,塚本涼人,15.0,99
2026-09-13,202636091306,水沢,6,3歳C2二組,1400,8,12,ララクロシェット,牝3,54.0,高松亮,15.0,99
2026-09-13,202636091307,水沢,7,3歳C2一組,1400,1,1,マツリダシリウス,牡3,56.0,山本政聡,15.0,99
2026-09-13,202636091307,水沢,7,3歳C2一組,1400,2,2,エルドラド,牡3,56.0,大坪慎,15.0,99
2026-09-13,202636091307,水沢,7,3歳C2一組,1400,3,3,サクラボーベル,牝3,54.0,山本聡紀,15.0,99
2026-09-13,202636091307,水沢,7,3歳C2一組,1400,4,4,キタノアヤカ,牝3,54.0,岩本怜,15.0,99
2026-09-13,202636091307,水沢,7,3歳C2一組,1400,5,5,ハミッツキャンディ,牡3,56.0,塚本涼人,15.0,99
2026-09-13,202636091307,水沢,7,3歳C2一組,1400,5,6,アルマサーガ,牝3,53.0,坂井瑛音,15.0,99
2026-09-13,202636091307,水沢,7,3歳C2一組,1400,6,7,トモエナゲ,牡3,56.0,鈴木祐,15.0,99
2026-09-13,202636091307,水沢,7,3歳C2一組,1400,6,8,ベネファクター,牡3,56.0,山本聡哉,15.0,99
2026-09-13,202636091307,水沢,7,3歳C2一組,1400,7,9,ジーティーウブラブ,牝3,54.0,阿部英俊,15.0,99
2026-09-13,202636091307,水沢,7,3歳C2一組,1400,7,10,ユキノレックス,牡3,56.0,小林凌,15.0,99
2026-09-13,202636091307,水沢,7,3歳C2一組,1400,8,11,アイク,牝3,54.0,高橋悠里,15.0,99
2026-09-13,202636091307,水沢,7,3歳C2一組,1400,8,12,ビップブレット,牡3,56.0,南郷家全,15.0,99
2026-09-13,202636091308,水沢,8,C1五組,1400,1,1,ビッグリュウオー,セ6,56.0,大坪慎,15.0,99
2026-09-13,202636091308,水沢,8,C1五組,1400,2,2,コスモパンドラ,牝7,54.0,高松亮,15.0,99
2026-09-13,202636091308,水沢,8,C1五組,1400,3,3,ネコニコタツ,牝5,54.0,小林凌,15.0,99
2026-09-13,202636091308,水沢,8,C1五組,1400,4,4,ワナカ,牝4,54.0,高橋悠里,15.0,99
2026-09-13,202636091308,水沢,8,C1五組,1400,5,5,マカベウス,牡8,56.0,佐々木志,15.0,99
2026-09-13,202636091308,水沢,8,C1五組,1400,6,6,サクラトップスカイ,セ4,56.0,菅原辰徳,15.0,99
2026-09-13,202636091308,水沢,8,C1五組,1400,6,7,アズーラ,牝4,54.0,山本政聡,15.0,99
2026-09-13,202636091308,水沢,8,C1五組,1400,7,8,スターライトテール,牡6,56.0,塚本涼人,15.0,99
2026-09-13,202636091308,水沢,8,C1五組,1400,7,9,ユーアーマイソウル,牡9,56.0,阿部英俊,15.0,99
2026-09-13,202636091308,水沢,8,C1五組,1400,8,10,ポケットフルコイン,牝4,54.0,鈴木祐,15.0,99
2026-09-13,202636091308,水沢,8,C1五組,1400,8,11,サンホワイトクリフ,牡4,55.0,坂井瑛音,15.0,99
2026-09-13,202636091309,水沢,9,C1四組,1400,1,1,リーヴルワンダー,牡5,55.0,坂井瑛音,15.0,99
2026-09-13,202636091309,水沢,9,C1四組,1400,2,2,パンセ,牡5,56.0,山本聡紀,15.0,99
2026-09-13,202636091309,水沢,9,C1四組,1400,3,3,アユツリー,牝4,54.0,大坪慎,15.0,99
2026-09-13,202636091309,水沢,9,C1四組,1400,4,4,ネイビス,牡4,56.0,岩本怜,15.0,99
2026-09-13,202636091309,水沢,9,C1四組,1400,5,5,ヴィヴァムーン,セ5,56.0,塚本涼人,15.0,99
2026-09-13,202636091309,水沢,9,C1四組,1400,5,6,マイネルレクエルド,牡4,56.0,鈴木祐,15.0,99
2026-09-13,202636091309,水沢,9,C1四組,1400,6,7,グランクロワ,セ9,56.0,阿部英俊,15.0,99
2026-09-13,202636091309,水沢,9,C1四組,1400,6,8,アカイツメ,牝4,54.0,山本聡哉,15.0,99
2026-09-13,202636091309,水沢,9,C1四組,1400,7,9,ベルドラゴ,牡7,56.0,菅原辰徳,15.0,99
2026-09-13,202636091309,水沢,9,C1四組,1400,7,10,キラット,牝6,54.0,村上忍,15.0,99
2026-09-13,202636091309,水沢,9,C1四組,1400,8,11,ハクアイドリーム,牡5,56.0,佐々木志,15.0,99
2026-09-13,202636091309,水沢,9,C1四組,1400,8,12,ピースワンドルチェ,セ7,56.0,高松亮,15.0,99
2026-09-13,202636091310,水沢,10,四十八坂賞(C1),1400,1,1,リュウノメディナ,セ5,56.0,塚本涼人,15.0,99
2026-09-13,202636091310,水沢,10,四十八坂賞(C1),1400,2,2,コスモベラエステラ,牡5,56.0,阿部英俊,15.0,99
2026-09-13,202636091310,水沢,10,四十八坂賞(C1),1400,3,3,ナムラゴロフキン,牡9,56.0,村上忍,15.0,99
2026-09-13,202636091310,水沢,10,四十八坂賞(C1),1400,4,4,ヒロシゲウェーブ,セ10,56.0,小林凌,15.0,99
2026-09-13,202636091310,水沢,10,四十八坂賞(C1),1400,5,5,ハッピーグローリー,牝4,50.0,斉藤友香,15.0,99
2026-09-13,202636091310,水沢,10,四十八坂賞(C1),1400,5,6,ビッグサララルーフ,牝5,54.0,高松亮,15.0,99
2026-09-13,202636091310,水沢,10,四十八坂賞(C1),1400,6,7,リアルモハメド,セ5,56.0,山本政聡,15.0,99
2026-09-13,202636091310,水沢,10,四十八坂賞(C1),1400,6,8,トレベルフィーユ,牝4,54.0,山本聡紀,15.0,99
2026-09-13,202636091310,水沢,10,四十八坂賞(C1),1400,7,9,ヘクトプリンセス,牝5,53.0,坂井瑛音,15.0,99
2026-09-13,202636091310,水沢,10,四十八坂賞(C1),1400,7,10,カニフ,牝7,54.0,大坪慎,15.0,99
2026-09-13,202636091310,水沢,10,四十八坂賞(C1),1400,8,11,アフタービート,牡6,56.0,菅原辰徳,15.0,99
2026-09-13,202636091310,水沢,10,四十八坂賞(C1),1400,8,12,クイーンオブソウル,牝6,54.0,高橋悠里,15.0,99
2026-09-13,202636091311,水沢,11,白露特別(A),1600,1,1,ミライヘノシンゲキ,牡5,56.0,高橋悠里,15.0,99
2026-09-13,202636091311,水沢,11,白露特別(A),1600,2,2,ラティサワー,牡5,56.0,岩本怜,15.0,99
2026-09-13,202636091311,水沢,11,白露特別(A),1600,3,3,タイセイストラーダ,牡7,56.0,山本政聡,15.0,99
2026-09-13,202636091311,水沢,11,白露特別(A),1600,4,4,オンラインボス,セ7,56.0,村上忍,15.0,99
2026-09-13,202636091311,水沢,11,白露特別(A),1600,5,5,ウイニングライブ,牡6,56.0,阿部英俊,15.0,99
2026-09-13,202636091311,水沢,11,白露特別(A),1600,6,6,ブレイクバウンズ,牡4,56.0,高松亮,15.0,99
2026-09-13,202636091311,水沢,11,白露特別(A),1600,7,7,グッデーサイレンス,セ7,56.0,佐々木志,15.0,99
2026-09-13,202636091311,水沢,11,白露特別(A),1600,8,8,ケープライト,牝6,54.0,山本聡哉,15.0,99
2026-09-13,202636091312,水沢,12,青藍賞重賞,1600,1,1,バトルバーリライ,牡10,57.0,阿部英俊,15.0,99
2026-09-13,202636091312,水沢,12,青藍賞重賞,1600,2,2,ライアン,牡7,57.0,山本聡哉,15.0,99
2026-09-13,202636091312,水沢,12,青藍賞重賞,1600,3,3,リュウノナポレオン,牡4,57.0,山本聡紀,15.0,99
2026-09-13,202636091312,水沢,12,青藍賞重賞,1600,4,4,ウインオーディン,牡6,57.0,山本政聡,15.0,99
2026-09-13,202636091312,水沢,12,青藍賞重賞,1600,5,5,ヒロシクン,セ7,57.0,高松亮,15.0,99
2026-09-13,202636091312,水沢,12,青藍賞重賞,1600,6,6,サクラトップキッド,牡5,57.0,高橋悠里,15.0,99
2026-09-13,202636091312,水沢,12,青藍賞重賞,1600,7,7,ヴァトレニ,セ8,57.0,村上忍,15.0,99
2026-09-13,202636091312,水沢,12,青藍賞重賞,1600,8,8,リトルサムシング,牡4,57.0,菅原辰徳,15.0,99
2026-09-13,202646091301,金沢,1,C25,1500,1,1,ヴェリーヌ,牝4,55.0,平瀬城久,15.0,99
2026-09-13,202646091301,金沢,1,C25,1500,2,2,ブラックエンペラー,牡4,57.0,沖静男,15.0,99
2026-09-13,202646091301,金沢,1,C25,1500,3,3,オッスイレブン,牝4,55.0,甲賀弘隆,15.0,99
2026-09-13,202646091301,金沢,1,C25,1500,4,4,コロラマ,牡4,54.0,浅野登生,15.0,99
2026-09-13,202646091301,金沢,1,C25,1500,5,5,フィーユポワソン,牝6,55.0,柴田勇真,15.0,99
2026-09-13,202646091301,金沢,1,C25,1500,5,6,マイネルイグザルト,牡4,57.0,栗原大河,15.0,99
2026-09-13,202646091301,金沢,1,C25,1500,6,7,ジャスミンガール,牝4,55.0,服部大地,15.0,99
2026-09-13,202646091301,金沢,1,C25,1500,6,8,カルツァクライン,牡5,57.0,中島龍也,15.0,99
2026-09-13,202646091301,金沢,1,C25,1500,7,9,クロシオカレント,牡4,57.0,魚住謙心,15.0,99
2026-09-13,202646091301,金沢,1,C25,1500,7,10,ジェムストンパワー,牡4,57.0,松戸政也,15.0,99
2026-09-13,202646091301,金沢,1,C25,1500,8,11,アンザンタカヒロ,セ9,57.0,田知弘久,15.0,99
2026-09-13,202646091301,金沢,1,C25,1500,8,12,チアフルマノン,牝6,55.0,鈴木太一,15.0,99
2026-09-13,202646091302,金沢,2,C24,1500,1,1,マジックスクロール,牡4,54.0,浅野登生,15.0,99
2026-09-13,202646091302,金沢,2,C24,1500,2,2,ズッシーノ,牡7,57.0,吉田晃浩,15.0,99
2026-09-13,202646091302,金沢,2,C24,1500,3,3,ビッグタイマー,牡8,57.0,魚住謙心,15.0,99
2026-09-13,202646091302,金沢,2,C24,1500,4,4,サノケン,牡7,57.0,中島龍也,15.0,99
2026-09-13,202646091302,金沢,2,C24,1500,5,5,ギャクテンオー,牡6,57.0,栗原大河,15.0,99
2026-09-13,202646091302,金沢,2,C24,1500,6,6,カフェランデブー,牝5,55.0,鈴木太一,15.0,99
2026-09-13,202646091302,金沢,2,C24,1500,7,7,ジーマックス,牡9,57.0,柴田勇真,15.0,99
2026-09-13,202646091302,金沢,2,C24,1500,7,8,キトキト,牝4,55.0,吉原寛人,15.0,99
2026-09-13,202646091302,金沢,2,C24,1500,8,9,シュンレツ,牡5,57.0,甲賀弘隆,15.0,99
2026-09-13,202646091302,金沢,2,C24,1500,8,10,エイチエヌハーモニ,牡4,57.0,塚本征吾,15.0,99
2026-09-13,202646091303,金沢,3,運命のエキスパートは救われたい記念(C2),1400,1,1,ウインドアリエル,牝8,55.0,柴田勇真,15.0,99
2026-09-13,202646091303,金沢,3,運命のエキスパートは救われたい記念(C2),1400,2,2,エアミアーニ,セ8,57.0,鈴木太一,15.0,99
2026-09-13,202646091303,金沢,3,運命のエキスパートは救われたい記念(C2),1400,3,3,イーサンバーニング,牡7,57.0,加藤翔馬,15.0,99
2026-09-13,202646091303,金沢,3,運命のエキスパートは救われたい記念(C2),1400,4,4,ナムラダリウス,牡6,57.0,甲賀弘隆,15.0,99
2026-09-13,202646091303,金沢,3,運命のエキスパートは救われたい記念(C2),1400,5,5,トップキング,牡7,57.0,魚住謙心,15.0,99
2026-09-13,202646091303,金沢,3,運命のエキスパートは救われたい記念(C2),1400,5,6,ヴァルトバーデン,牡4,57.0,中島龍也,15.0,99
2026-09-13,202646091303,金沢,3,運命のエキスパートは救われたい記念(C2),1400,6,7,ヘリオシース,牝10,55.0,服部大地,15.0,99
2026-09-13,202646091303,金沢,3,運命のエキスパートは救われたい記念(C2),1400,6,8,バーニングフレーム,牝4,55.0,沖静男,15.0,99
2026-09-13,202646091303,金沢,3,運命のエキスパートは救われたい記念(C2),1400,7,9,オーデンアクア,牡4,57.0,吉田晃浩,15.0,99
2026-09-13,202646091303,金沢,3,運命のエキスパートは救われたい記念(C2),1400,7,10,デルマガーネット,牝9,55.0,田知弘久,15.0,99
2026-09-13,202646091303,金沢,3,運命のエキスパートは救われたい記念(C2),1400,8,11,ルビーリング,牝5,55.0,青柳正義,15.0,99
2026-09-13,202646091303,金沢,3,運命のエキスパートは救われたい記念(C2),1400,8,12,エムティラヴ,牝4,55.0,望月洵輝,15.0,99
2026-09-13,202646091304,金沢,4,C22,1400,1,1,ヨドノストーリー,牡6,54.0,浅野登生,15.0,99
2026-09-13,202646091304,金沢,4,C22,1400,2,2,フェスティヴイリス,牝4,55.0,甲賀弘隆,15.0,99
2026-09-13,202646091304,金沢,4,C22,1400,3,3,ソルセルリ,牝5,55.0,松戸政也,15.0,99
2026-09-13,202646091304,金沢,4,C22,1400,4,4,ダズリングスカイ,牝6,55.0,青柳正義,15.0,99
2026-09-13,202646091304,金沢,4,C22,1400,5,5,ムーンライトアリア,牝9,55.0,兼子千央,15.0,99
2026-09-13,202646091304,金沢,4,C22,1400,6,6,ベストベルシック,牝5,55.0,栗原大河,15.0,99
2026-09-13,202646091304,金沢,4,C22,1400,7,7,メイショウロッキー,セ5,57.0,中島龍也,15.0,99
2026-09-13,202646091304,金沢,4,C22,1400,8,8,アマソナ,牝6,55.0,鈴木太一,15.0,99
2026-09-13,202646091305,金沢,5,お家でネット投票!楽天競馬特別(A2),1500,1,1,マイネルシスネロス,牡9,57.0,甲賀弘隆,15.0,99
2026-09-13,202646091305,金沢,5,お家でネット投票!楽天競馬特別(A2),1500,2,2,ゴールドブラボー,牝5,55.0,青柳正義,15.0,99
2026-09-13,202646091305,金沢,5,お家でネット投票!楽天競馬特別(A2),1500,3,3,ボルネオ,セ6,57.0,魚住謙心,15.0,99
2026-09-13,202646091305,金沢,5,お家でネット投票!楽天競馬特別(A2),1500,4,4,ビスクウィザード,セ5,57.0,沖静男,15.0,99
2026-09-13,202646091305,金沢,5,お家でネット投票!楽天競馬特別(A2),1500,5,5,ガルムキャット,牡6,57.0,中島龍也,15.0,99
2026-09-13,202646091305,金沢,5,お家でネット投票!楽天競馬特別(A2),1500,6,6,ハクサンミラクル,牡4,57.0,吉原寛人,15.0,99
2026-09-13,202646091305,金沢,5,お家でネット投票!楽天競馬特別(A2),1500,7,7,アキュートガール,牝7,55.0,筒井勇介,15.0,99
2026-09-13,202646091305,金沢,5,お家でネット投票!楽天競馬特別(A2),1500,8,8,ネオネオモッズ,牡7,57.0,加藤翔馬,15.0,99
2026-09-13,202646091306,金沢,6,サラブレッド大賞典重賞,2000,1,1,パッションビート,牝3,55.0,筒井勇介,15.0,99
2026-09-13,202646091306,金沢,6,サラブレッド大賞典重賞,2000,2,2,ムムターズショコラ,牝3,55.0,松戸政也,15.0,99
2026-09-13,202646091306,金沢,6,サラブレッド大賞典重賞,2000,3,3,キャンパスレディ,牝3,55.0,栗原大河,15.0,99
2026-09-13,202646091306,金沢,6,サラブレッド大賞典重賞,2000,4,4,シャンパンスター,牝3,55.0,山中悠希,15.0,99
2026-09-13,202646091306,金沢,6,サラブレッド大賞典重賞,2000,5,5,キングボールダー,牡3,57.0,魚住謙心,15.0,99
2026-09-13,202646091306,金沢,6,サラブレッド大賞典重賞,2000,5,6,ニャンタロウ,牡3,57.0,加藤翔馬,15.0,99
2026-09-13,202646091306,金沢,6,サラブレッド大賞典重賞,2000,6,7,アメジストロード,牡3,57.0,吉原寛人,15.0,99
2026-09-13,202646091306,金沢,6,サラブレッド大賞典重賞,2000,6,8,ベラジオスパーク,牡3,57.0,塚本征吾,15.0,99
2026-09-13,202646091306,金沢,6,サラブレッド大賞典重賞,2000,7,9,シルヴァバローズ,牝3,55.0,柴田勇真,15.0,99
2026-09-13,202646091306,金沢,6,サラブレッド大賞典重賞,2000,7,10,スターキャンディ,牝3,55.0,望月洵輝,15.0,99
2026-09-13,202646091306,金沢,6,サラブレッド大賞典重賞,2000,8,11,グリーゼ,牝3,56.0,米倉知,15.0,99
2026-09-13,202646091306,金沢,6,サラブレッド大賞典重賞,2000,8,12,ケーズコマクサ,牝3,55.0,青柳正義,15.0,99
2026-09-13,202646091307,金沢,7,やりめん七年目記念杯(B1),1500,1,1,イモータルソウル,牡8,57.0,望月洵輝,15.0,99
2026-09-13,202646091307,金沢,7,やりめん七年目記念杯(B1),1500,2,2,ライズタイガ,牡5,57.0,栗原大河,15.0,99
2026-09-13,202646091307,金沢,7,やりめん七年目記念杯(B1),1500,3,3,ミラコロエクラ,牝4,55.0,山中悠希,15.0,99
2026-09-13,202646091307,金沢,7,やりめん七年目記念杯(B1),1500,4,4,タマハガネ,牡5,57.0,筒井勇介,15.0,99
2026-09-13,202646091307,金沢,7,やりめん七年目記念杯(B1),1500,5,5,アンクローシュ,牝5,55.0,田知弘久,15.0,99
2026-09-13,202646091307,金沢,7,やりめん七年目記念杯(B1),1500,6,6,ハクサンリバーブ,牡4,57.0,吉原寛人,15.0,99
2026-09-13,202646091307,金沢,7,やりめん七年目記念杯(B1),1500,6,7,ルセルマンダムール,セ4,57.0,中島龍也,15.0,99
2026-09-13,202646091307,金沢,7,やりめん七年目記念杯(B1),1500,7,8,ドンリュウスター,牡5,57.0,塚本征吾,15.0,99
2026-09-13,202646091307,金沢,7,やりめん七年目記念杯(B1),1500,7,9,マーキュリーセブン,セ9,57.0,沖静男,15.0,99
2026-09-13,202646091307,金沢,7,やりめん七年目記念杯(B1),1500,8,10,ドーンコスモ,牝5,55.0,鈴木太一,15.0,99
2026-09-13,202646091307,金沢,7,やりめん七年目記念杯(B1),1500,8,11,ソングフォーユー,牝7,55.0,青柳正義,15.0,99
2026-09-13,202646091308,金沢,8,B13,1500,1,1,マクギリス,牡6,54.0,浅野登生,15.0,99
2026-09-13,202646091308,金沢,8,B13,1500,2,2,カルデア,牡5,57.0,鈴木太一,15.0,99
2026-09-13,202646091308,金沢,8,B13,1500,3,3,サルジュ,牡4,57.0,栗原大河,15.0,99
2026-09-13,202646091308,金沢,8,B13,1500,4,4,ケイバラード,牡5,57.0,塚本征吾,15.0,99
2026-09-13,202646091308,金沢,8,B13,1500,5,5,トーアカフウ,牝4,55.0,中島龍也,15.0,99
2026-09-13,202646091308,金沢,8,B13,1500,6,6,ホウオウヴィーナス,牝6,55.0,魚住謙心,15.0,99
2026-09-13,202646091308,金沢,8,B13,1500,7,7,サノノヒーロー,セ8,57.0,望月洵輝,15.0,99
2026-09-13,202646091308,金沢,8,B13,1500,8,8,ブラストバローズ,牡5,57.0,青柳正義,15.0,99
2026-09-13,202646091308,金沢,8,B13,1500,8,9,シントーツバキ,牝6,55.0,松戸政也,15.0,99
2026-09-13,202646091309,金沢,9,りょうへい&ゆきの結婚記念杯(3歳),1400,1,1,リュウノアーチスト,牝3,55.0,栗原大河,15.0,99
2026-09-13,202646091309,金沢,9,りょうへい&ゆきの結婚記念杯(3歳),1400,2,2,ロット,牝3,55.0,望月洵輝,15.0,99
2026-09-13,202646091309,金沢,9,りょうへい&ゆきの結婚記念杯(3歳),1400,3,3,ダイバーシティ,牡3,57.0,田知弘久,15.0,99
2026-09-13,202646091309,金沢,9,りょうへい&ゆきの結婚記念杯(3歳),1400,4,4,ゴーゴーパワー,牡3,57.0,平瀬城久,15.0,99
2026-09-13,202646091309,金沢,9,りょうへい&ゆきの結婚記念杯(3歳),1400,5,5,アロンジマンデ,牝3,55.0,青柳正義,15.0,99
2026-09-13,202646091309,金沢,9,りょうへい&ゆきの結婚記念杯(3歳),1400,6,6,ウレシイゴサン,牡3,57.0,中島龍也,15.0,99
2026-09-13,202646091309,金沢,9,りょうへい&ゆきの結婚記念杯(3歳),1400,7,7,ディープエフェクト,牡3,57.0,鈴木太一,15.0,99
2026-09-13,202646091309,金沢,9,りょうへい&ゆきの結婚記念杯(3歳),1400,8,8,ウルダ,牝3,55.0,甲賀弘隆,15.0,99
2026-09-13,202646091309,金沢,9,りょうへい&ゆきの結婚記念杯(3歳),1400,8,9,ウェルックス,牡3,57.0,柴田勇真,15.0,99
2026-09-13,202646091310,金沢,10,3歳A2,1500,1,1,ドリーマーズ,牝3,55.0,望月洵輝,15.0,99
2026-09-13,202646091310,金沢,10,3歳A2,1500,2,2,ブエノスオプティマ,牝3,55.0,吉田晃浩,15.0,99
2026-09-13,202646091310,金沢,10,3歳A2,1500,3,3,ジェネチェン,牝3,55.0,米倉知,15.0,99
2026-09-13,202646091310,金沢,10,3歳A2,1500,4,4,ダスオルケスタ,牝3,55.0,筒井勇介,15.0,99
2026-09-13,202646091310,金沢,10,3歳A2,1500,5,5,ガリバタ,牝3,55.0,加藤翔馬,15.0,99
2026-09-13,202646091310,金沢,10,3歳A2,1500,5,6,アクアマイスター,牡3,57.0,山中悠希,15.0,99
2026-09-13,202646091310,金沢,10,3歳A2,1500,6,7,ナックステート,牡3,57.0,青柳正義,15.0,99
2026-09-13,202646091310,金沢,10,3歳A2,1500,6,8,リュウノタイタン,牡3,57.0,吉原寛人,15.0,99
2026-09-13,202646091310,金沢,10,3歳A2,1500,7,9,スズランクイーン,牝3,55.0,鈴木太一,15.0,99
2026-09-13,202646091310,金沢,10,3歳A2,1500,7,10,イヌボウノユウヒ,牝3,55.0,魚住謙心,15.0,99
2026-09-13,202646091310,金沢,10,3歳A2,1500,8,11,モーモークローム,牝3,55.0,田知弘久,15.0,99
2026-09-13,202646091310,金沢,10,3歳A2,1500,8,12,ドライヴトウショウ,牝3,55.0,栗原大河,15.0,99
2026-09-13,202646091311,金沢,11,能登復興支援ツインブリッジのと特別(C2),1400,1,1,アリーワーク,牝4,55.0,柴田勇真,15.0,99
2026-09-13,202646091311,金沢,11,能登復興支援ツインブリッジのと特別(C2),1400,2,2,ステイグリーン,牡10,57.0,甲賀弘隆,15.0,99
2026-09-13,202646091311,金沢,11,能登復興支援ツインブリッジのと特別(C2),1400,3,3,デルマニンフ,牝7,55.0,鈴木太一,15.0,99
2026-09-13,202646091311,金沢,11,能登復興支援ツインブリッジのと特別(C2),1400,4,4,フミマーズ,牝4,55.0,魚住謙心,15.0,99
2026-09-13,202646091311,金沢,11,能登復興支援ツインブリッジのと特別(C2),1400,5,5,マイネルクロンヌ,牡9,57.0,栗原大河,15.0,99
2026-09-13,202646091311,金沢,11,能登復興支援ツインブリッジのと特別(C2),1400,6,6,ドゥフトブリューテ,牡4,57.0,塚本征吾,15.0,99
2026-09-13,202654091301,高知,1,3歳ー8,1400,1,1,エビスディアーナ,牝3,53.0,濱尚美,15.0,99
2026-09-13,202654091301,高知,1,3歳ー8,1400,2,2,リアルパラダイス,牡3,57.0,赤岡修次,15.0,99
2026-09-13,202654091301,高知,1,3歳ー8,1400,3,3,ヤマメナイト,牡3,57.0,新庄海誠,15.0,99
2026-09-13,202654091301,高知,1,3歳ー8,1400,4,4,グラデュエール,牝3,55.0,石本純也,15.0,99
2026-09-13,202654091301,高知,1,3歳ー8,1400,5,5,ベンテンカグラ,牝3,55.0,山崎雅由,15.0,99
2026-09-13,202654091301,高知,1,3歳ー8,1400,5,6,トーアアグネス,牝3,55.0,城野慈尚,15.0,99
2026-09-13,202654091301,高知,1,3歳ー8,1400,6,7,ヤマニンルーバス,牝3,52.0,塚本直之,15.0,99
2026-09-13,202654091301,高知,1,3歳ー8,1400,6,8,ナムラコハル,牝3,55.0,木村直輝,15.0,99
2026-09-13,202654091301,高知,1,3歳ー8,1400,7,9,ワンダーミューズ,牝3,55.0,岡村卓弥,15.0,99
2026-09-13,202654091301,高知,1,3歳ー8,1400,7,10,オセアスターライト,セ3,56.0,近藤翔月,15.0,99
2026-09-13,202654091301,高知,1,3歳ー8,1400,8,11,エーデルクラフト,牡3,57.0,多田羅誠,15.0,99
2026-09-13,202654091301,高知,1,3歳ー8,1400,8,12,チアフルラン,牡3,57.0,永森大智,15.0,99
2026-09-13,202654091302,高知,2,3歳ー7,1400,1,1,スマートジャスミン,牝3,55.0,山崎雅由,15.0,99
2026-09-13,202654091302,高知,2,3歳ー7,1400,2,2,マリノフォルトゥナ,牝3,52.0,塚本直之,15.0,99
2026-09-13,202654091302,高知,2,3歳ー7,1400,3,3,スズカローズキング,牡3,57.0,城野慈尚,15.0,99
2026-09-13,202654091302,高知,2,3歳ー7,1400,4,4,チェラブ,牝3,54.0,近藤翔月,15.0,99
2026-09-13,202654091302,高知,2,3歳ー7,1400,5,5,ウインスフェーン,牝3,55.0,石本純也,15.0,99
2026-09-13,202654091302,高知,2,3歳ー7,1400,5,6,ゼンノボニータ,牡3,57.0,永森大智,15.0,99
2026-09-13,202654091302,高知,2,3歳ー7,1400,6,7,クラックミーアップ,牡3,57.0,新庄海誠,15.0,99
2026-09-13,202654091302,高知,2,3歳ー7,1400,6,8,アピールパワー,牡3,57.0,郷間勇太,15.0,99
2026-09-13,202654091302,高知,2,3歳ー7,1400,7,9,リフルフォース,牝3,55.0,井上瑛太,15.0,99
2026-09-13,202654091302,高知,2,3歳ー7,1400,7,10,クレレガール,牝3,55.0,大澤誠志,15.0,99
2026-09-13,202654091302,高知,2,3歳ー7,1400,8,11,リュネヴィル,牝3,55.0,岡村健司,15.0,99
2026-09-13,202654091302,高知,2,3歳ー7,1400,8,12,トーアイクタチ,牡3,57.0,多田羅誠,15.0,99
2026-09-13,202654091303,高知,3,3歳ー6,1400,1,1,タマモアマルフィ,牝3,54.0,近藤翔月,15.0,99
2026-09-13,202654091303,高知,3,3歳ー6,1400,2,2,パウラメロディーア,牝3,55.0,大澤誠志,15.0,99
2026-09-13,202654091303,高知,3,3歳ー6,1400,3,3,ラブペイトー,牝3,55.0,岡村卓弥,15.0,99
2026-09-13,202654091303,高知,3,3歳ー6,1400,4,4,サンライズジャッジ,牡3,57.0,城野慈尚,15.0,99
2026-09-13,202654091303,高知,3,3歳ー6,1400,5,5,オリヴィオリヴィ,牝3,55.0,郷間勇太,15.0,99
2026-09-13,202654091303,高知,3,3歳ー6,1400,5,6,キンデアポチャン,牝3,55.0,多田羅誠,15.0,99
2026-09-13,202654091303,高知,3,3歳ー6,1400,6,7,マジックステラ,牡3,57.0,畑中信司,15.0,99
2026-09-13,202654091303,高知,3,3歳ー6,1400,6,8,サンシャインビーチ,牝3,55.0,西森将司,15.0,99
2026-09-13,202654091303,高知,3,3歳ー6,1400,7,9,コスモタキシード,牡3,57.0,野畑凌,15.0,99
2026-09-13,202654091303,高知,3,3歳ー6,1400,7,10,クレインヴォイス,牡3,57.0,上田将司,15.0,99
2026-09-13,202654091303,高知,3,3歳ー6,1400,8,11,ベアエクスプレス,牝3,55.0,赤岡修次,15.0,99
2026-09-13,202654091303,高知,3,3歳ー6,1400,8,12,タスクディライト,牝3,55.0,木村直輝,15.0,99
2026-09-13,202654091304,高知,4,3歳ー5,1400,1,1,モズラストセール,牡3,57.0,永森大智,15.0,99
2026-09-13,202654091304,高知,4,3歳ー5,1400,2,2,ロードベルファスト,牡3,57.0,井上瑛太,15.0,99
2026-09-13,202654091304,高知,4,3歳ー5,1400,3,3,ピコマーキス,牡3,57.0,赤岡修次,15.0,99
2026-09-13,202654091304,高知,4,3歳ー5,1400,4,4,ラヴィニアパーク,牡3,57.0,岡村卓弥,15.0,99
2026-09-13,202654091304,高知,4,3歳ー5,1400,5,5,エナジーアユ,牝3,55.0,木村直輝,15.0,99
2026-09-13,202654091304,高知,4,3歳ー5,1400,5,6,カミイダイヤモンド,牡3,56.0,近藤翔月,15.0,99
2026-09-13,202654091304,高知,4,3歳ー5,1400,6,7,セントポールヒロ,牝3,52.0,塚本直之,15.0,99
2026-09-13,202654091304,高知,4,3歳ー5,1400,6,8,ウィギル,セ3,57.0,大澤誠志,15.0,99
2026-09-13,202654091304,高知,4,3歳ー5,1400,7,9,レンジシ,牡3,57.0,新庄海誠,15.0,99
2026-09-13,202654091304,高知,4,3歳ー5,1400,7,10,メイジョウエナジー,牝3,55.0,畑中信司,15.0,99
2026-09-13,202654091304,高知,4,3歳ー5,1400,8,11,テンサラ,セ3,57.0,岡村健司,15.0,99
2026-09-13,202654091304,高知,4,3歳ー5,1400,8,12,アカリボーイ,牡3,57.0,郷間勇太,15.0,99
2026-09-13,202654091305,高知,5,C3ー15,1300,1,1,パーセルペーパー,牡5,57.0,新庄海誠,15.0,99
2026-09-13,202654091305,高知,5,C3ー15,1300,2,2,オリエンタルナイト,セ5,57.0,多田羅誠,15.0,99
2026-09-13,202654091305,高知,5,C3ー15,1300,3,3,ブルジョア,牝4,55.0,上田将司,15.0,99
2026-09-13,202654091305,高知,5,C3ー15,1300,4,4,エンファサイズ,牡6,57.0,西森将司,15.0,99
2026-09-13,202654091305,高知,5,C3ー15,1300,5,5,メイショウクリフト,牡7,57.0,赤岡修次,15.0,99
2026-09-13,202654091305,高知,5,C3ー15,1300,6,6,スプレーフォール,牡5,55.0,濱尚美,15.0,99
2026-09-13,202654091305,高知,5,C3ー15,1300,7,7,ナチュラルスマイル,牝4,52.0,塚本直之,15.0,99
2026-09-13,202654091305,高知,5,C3ー15,1300,7,8,ロクサーヌ,牝4,55.0,宮川実,15.0,99
2026-09-13,202654091305,高知,5,C3ー15,1300,8,9,ヴァリアントマーチ,牝4,55.0,木村直輝,15.0,99
2026-09-13,202654091305,高知,5,C3ー15,1300,8,10,サクセスローレル,牡7,57.0,畑中信司,15.0,99
2026-09-13,202654091306,高知,6,C3ー14,1300,1,1,スクーバー,牡6,57.0,永森大智,15.0,99
2026-09-13,202654091306,高知,6,C3ー14,1300,2,2,ケイアイシェルビー,牡8,57.0,岡村卓弥,15.0,99
2026-09-13,202654091306,高知,6,C3ー14,1300,3,3,アラタマファルクス,牝5,52.0,塚本直之,15.0,99
2026-09-13,202654091306,高知,6,C3ー14,1300,4,4,コントリビュート,牡4,57.0,山崎雅由,15.0,99
2026-09-13,202654091306,高知,6,C3ー14,1300,5,5,リゼレインボー,牡7,57.0,城野慈尚,15.0,99
2026-09-13,202654091306,高知,6,C3ー14,1300,6,6,ピクラリーダ,牝5,55.0,赤岡修次,15.0,99
2026-09-13,202654091306,高知,6,C3ー14,1300,7,7,リコーリュウセイ,牡8,57.0,木村直輝,15.0,99
2026-09-13,202654091306,高知,6,C3ー14,1300,7,8,ミスターディジェイ,牡5,57.0,多田羅誠,15.0,99
2026-09-13,202654091306,高知,6,C3ー14,1300,8,9,トラジロウ,セ5,57.0,石本純也,15.0,99
2026-09-13,202654091306,高知,6,C3ー14,1300,8,10,トーセンブレンダ,牝5,55.0,大澤誠志,15.0,99
2026-09-13,202654091307,高知,7,建依別賞重賞,1400,1,1,エクセレントタイム,セ8,57.0,郷間勇太,15.0,99
2026-09-13,202654091307,高知,7,建依別賞重賞,1400,2,2,サンライズグリット,牡8,57.0,岡村健司,15.0,99
2026-09-13,202654091307,高知,7,建依別賞重賞,1400,3,3,グラティアスグー,牡6,57.0,畑中信司,15.0,99
2026-09-13,202654091307,高知,7,建依別賞重賞,1400,4,4,ミズワリヲクダサイ,牡6,57.0,永森大智,15.0,99
2026-09-13,202654091307,高知,7,建依別賞重賞,1400,5,5,ワイドカント,牡9,57.0,宮川実,15.0,99
2026-09-13,202654091307,高知,7,建依別賞重賞,1400,5,6,ニクソンテソーロ,牡6,57.0,多田羅誠,15.0,99
2026-09-13,202654091307,高知,7,建依別賞重賞,1400,6,7,ロードインファイト,牡9,57.0,井上瑛太,15.0,99
2026-09-13,202654091307,高知,7,建依別賞重賞,1400,6,8,ブルグミューラー,牡6,57.0,城野慈尚,15.0,99
2026-09-13,202654091307,高知,7,建依別賞重賞,1400,7,9,ロレンツォ,牡8,57.0,赤岡修次,15.0,99
2026-09-13,202654091307,高知,7,建依別賞重賞,1400,7,10,シンリンゲンカイ,牝6,55.0,新庄海誠,15.0,99
2026-09-13,202654091307,高知,7,建依別賞重賞,1400,8,11,ジャスパーバローズ,牡6,57.0,岡村卓弥,15.0,99
2026-09-13,202654091307,高知,7,建依別賞重賞,1400,8,12,ライラボンド,牡7,57.0,野畑凌,15.0,99
2026-09-13,202654091308,高知,8,C3ー12,1300,1,1,ナムラビオラ,牝5,55.0,石本純也,15.0,99
2026-09-13,202654091308,高知,8,C3ー12,1300,2,2,クルマトラサン,牡5,57.0,野畑凌,15.0,99
2026-09-13,202654091308,高知,8,C3ー12,1300,3,3,プレシャスメノウ,牝3,55.0,赤岡修次,15.0,99
2026-09-13,202654091308,高知,8,C3ー12,1300,4,4,エメヴィベール,牡7,57.0,城野慈尚,15.0,99
2026-09-13,202654091308,高知,8,C3ー12,1300,5,5,マサハヤアン,牝9,55.0,大澤誠志,15.0,99
2026-09-13,202654091308,高知,8,C3ー12,1300,6,6,セージブラッシュ,牡4,57.0,畑中信司,15.0,99
2026-09-13,202654091308,高知,8,C3ー12,1300,7,7,エートゥージー,牡3,57.0,宮川実,15.0,99
2026-09-13,202654091308,高知,8,C3ー12,1300,8,8,クワッドマリニン,牡3,57.0,郷間勇太,15.0,99
2026-09-13,202654091308,高知,8,C3ー12,1300,8,9,アキヤン,牡4,57.0,新庄海誠,15.0,99
2026-09-13,202654091309,高知,9,C3ー11,1300,1,1,フランフィズ,牡4,57.0,石本純也,15.0,99
2026-09-13,202654091309,高知,9,C3ー11,1300,2,2,デルマタモン,牡8,57.0,野畑凌,15.0,99
2026-09-13,202654091309,高知,9,C3ー11,1300,3,3,セントキルダ,牡5,54.0,塚本直之,15.0,99
2026-09-13,202654091309,高知,9,C3ー11,1300,4,4,パーシステンス,牡5,57.0,木村直輝,15.0,99
2026-09-13,202654091309,高知,9,C3ー11,1300,5,5,サンブル,セ3,57.0,永森大智,15.0,99
2026-09-13,202654091309,高知,9,C3ー11,1300,6,6,フレールフィーユ,セ7,57.0,宮川実,15.0,99
2026-09-13,202654091309,高知,9,C3ー11,1300,7,7,トーケンタカハール,牡5,57.0,山崎雅由,15.0,99
2026-09-13,202654091309,高知,9,C3ー11,1300,7,8,クニノライフ,牝4,55.0,大澤誠志,15.0,99
2026-09-13,202654091309,高知,9,C3ー11,1300,8,9,キーチデッドミラー,牡3,57.0,井上瑛太,15.0,99
2026-09-13,202654091309,高知,9,C3ー11,1300,8,10,ブロードグリン,牝5,55.0,上田将司,15.0,99
2026-09-13,202654091310,高知,10,Aー3,1300,1,1,ダイヤモンドフジ,牡7,57.0,赤岡修次,15.0,99
2026-09-13,202654091310,高知,10,Aー3,1300,2,2,ヒビキ,牡6,56.0,近藤翔月,15.0,99
2026-09-13,202654091310,高知,10,Aー3,1300,3,3,ベルリネッタ,牡4,57.0,永森大智,15.0,99
2026-09-13,202654091310,高知,10,Aー3,1300,4,4,カツベンケイ,牡7,54.0,塚本直之,15.0,99
2026-09-13,202654091310,高知,10,Aー3,1300,5,5,ラプラス,牡10,57.0,山崎雅由,15.0,99
2026-09-13,202654091310,高知,10,Aー3,1300,6,6,アムレートゥム,牡5,57.0,上田将司,15.0,99
2026-09-13,202654091310,高知,10,Aー3,1300,6,7,フユソウビ,牡5,57.0,城野慈尚,15.0,99
2026-09-13,202654091310,高知,10,Aー3,1300,7,8,ケイアイメープル,セ9,57.0,郷間勇太,15.0,99
2026-09-13,202654091310,高知,10,Aー3,1300,7,9,ネオブレイブ,牡10,57.0,井上瑛太,15.0,99
2026-09-13,202654091310,高知,10,Aー3,1300,8,10,ヴァンケドミンゴ,牡10,57.0,多田羅誠,15.0,99
2026-09-13,202654091310,高知,10,Aー3,1300,8,11,サンライズホープ,牡9,57.0,新庄海誠,15.0,99
2026-09-13,202654091311,高知,11,Aー2,1300,1,1,ティアップエックス,セ6,57.0,畑中信司,15.0,99
2026-09-13,202654091311,高知,11,Aー2,1300,2,2,シャマル,牡8,57.0,永森大智,15.0,99
2026-09-13,202654091311,高知,11,Aー2,1300,3,3,エイシングラス,牡7,57.0,郷間勇太,15.0,99
2026-09-13,202654091311,高知,11,Aー2,1300,4,4,ブルーシンフォニー,牡8,57.0,宮川実,15.0,99
2026-09-13,202654091311,高知,11,Aー2,1300,5,5,グッドウッドガイ,牡7,57.0,新庄海誠,15.0,99
2026-09-13,202654091311,高知,11,Aー2,1300,6,6,フクノユリディズ,セ6,57.0,多田羅誠,15.0,99
2026-09-13,202654091311,高知,11,Aー2,1300,7,7,ロードエクレール,牡8,57.0,井上瑛太,15.0,99
2026-09-13,202654091311,高知,11,Aー2,1300,8,8,エスケンドリーム,牡5,57.0,赤岡修次,15.0,99
2026-09-13,202654091312,高知,12,ファイナルレース(C3),1300,1,1,シェルブールレイン,牝5,55.0,西森将司,15.0,99
2026-09-13,202654091312,高知,12,ファイナルレース(C3),1300,2,2,レリッシュ,牝5,55.0,畑中信司,15.0,99
2026-09-13,202654091312,高知,12,ファイナルレース(C3),1300,3,3,モトサン,牡6,56.0,近藤翔月,15.0,99
2026-09-13,202654091312,高知,12,ファイナルレース(C3),1300,4,4,クラールス,牡10,57.0,石本純也,15.0,99
2026-09-13,202654091312,高知,12,ファイナルレース(C3),1300,5,5,ボールドステート,牡6,57.0,岡村卓弥,15.0,99
2026-09-13,202654091312,高知,12,ファイナルレース(C3),1300,5,6,マイネルバルビゾン,牡17,55.0,濱尚美,15.0,99
2026-09-13,202654091312,高知,12,ファイナルレース(C3),1300,6,7,キープインマインド,牡5,57.0,城野慈尚,15.0,99
2026-09-13,202654091312,高知,12,ファイナルレース(C3),1300,6,8,ナイトオブバンド,牡6,57.0,宮川実,15.0,99
2026-09-13,202654091312,高知,12,ファイナルレース(C3),1300,7,9,ビビットピンク,牝5,55.0,木村直輝,15.0,99
2026-09-13,202654091312,高知,12,ファイナルレース(C3),1300,7,10,コムルヴァン,牝5,55.0,多田羅誠,15.0,99
2026-09-13,202654091312,高知,12,ファイナルレース(C3),1300,8,11,エリジブル,牡4,57.0,新庄海誠,15.0,99
2026-09-13,202654091312,高知,12,ファイナルレース(C3),1300,8,12,スマイル,牡10,57.0,大澤誠志,15.0,99
2026-09-13,202665091301,帯広,1,C2ー11,200,1,1,クントクン,牡3,600.0,今井千尋,15.0,99
2026-09-13,202665091301,帯広,1,C2ー11,200,2,2,ハゴロモリュウセイ,牝3,590.0,西謙一,15.0,99
2026-09-13,202665091301,帯広,1,C2ー11,200,3,3,プライムチョウター,牡3,610.0,村上章,15.0,99
2026-09-13,202665091301,帯広,1,C2ー11,200,4,4,ハゴロモコスモス,牡3,610.0,西将太,15.0,99
2026-09-13,202665091301,帯広,1,C2ー11,200,5,5,トウヤノハッピー,牝3,590.0,菊池一樹,15.0,99
2026-09-13,202665091301,帯広,1,C2ー11,200,6,6,アサヒガール,牝3,590.0,渡来心路,15.0,99
2026-09-13,202665091301,帯広,1,C2ー11,200,7,7,サカノシップー,牡3,610.0,中山直樹,15.0,99
2026-09-13,202665091301,帯広,1,C2ー11,200,8,8,ジュンクン,牡3,610.0,中原蓮,15.0,99
2026-09-13,202665091301,帯広,1,C2ー11,200,8,9,キセキヲオコセ,牡3,610.0,松本秀克,15.0,99
2026-09-13,202665091302,帯広,2,殿ごろもちきんありがとう(2歳),200,1,1,サンルックコンノ,牡2,500.0,島津新,15.0,99
2026-09-13,202665091302,帯広,2,殿ごろもちきんありがとう(2歳),200,2,2,オオゾラタイショウ,牡2,500.0,赤塚健仁,15.0,99
2026-09-13,202665091302,帯広,2,殿ごろもちきんありがとう(2歳),200,3,3,モエタカハート,牝2,480.0,西謙一,15.0,99
2026-09-13,202665091302,帯広,2,殿ごろもちきんありがとう(2歳),200,4,4,ハローエース,牡2,500.0,村上章,15.0,99
2026-09-13,202665091302,帯広,2,殿ごろもちきんありがとう(2歳),200,5,5,ヴィクトリアマサミ,牝2,480.0,長澤幸太,15.0,99
2026-09-13,202665091302,帯広,2,殿ごろもちきんありがとう(2歳),200,6,6,カイセイプリンス,牡2,500.0,鈴木恵介,15.0,99
2026-09-13,202665091302,帯広,2,殿ごろもちきんありがとう(2歳),200,7,7,ツカサヤンキース,牡2,490.0,今井千尋,15.0,99
2026-09-13,202665091302,帯広,2,殿ごろもちきんありがとう(2歳),200,7,8,ツナガルキズナ,牝2,480.0,金田利貴,15.0,99
2026-09-13,202665091302,帯広,2,殿ごろもちきんありがとう(2歳),200,8,9,ヤマノレガシー,牝2,480.0,西将太,15.0,99
2026-09-13,202665091302,帯広,2,殿ごろもちきんありがとう(2歳),200,8,10,アアモンドタイガー,牝2,480.0,渡来心路,15.0,99
2026-09-13,202665091303,帯広,3,優太郎くん生誕記念(2歳),200,1,1,ホクショウシャルル,牝2,490.0,阿部武臣,15.0,99
2026-09-13,202665091303,帯広,3,優太郎くん生誕記念(2歳),200,2,2,マックスクロー,牡2,510.0,村上章,15.0,99
2026-09-13,202665091303,帯広,3,優太郎くん生誕記念(2歳),200,3,3,キタノショウヘイ,牡2,510.0,長澤幸太,15.0,99
2026-09-13,202665091303,帯広,3,優太郎くん生誕記念(2歳),200,4,4,ホクセイキンボシ,牡2,510.0,大友一馬,15.0,99
2026-09-13,202665091303,帯広,3,優太郎くん生誕記念(2歳),200,5,5,ホクセイアバレンボ,牡2,510.0,阿部優哉,15.0,99
2026-09-13,202665091303,帯広,3,優太郎くん生誕記念(2歳),200,6,6,ヒメトラルビー,牝2,490.0,西将太,15.0,99
2026-09-13,202665091303,帯広,3,優太郎くん生誕記念(2歳),200,7,7,ホクセイサチコ,牝2,480.0,今井千尋,15.0,99
2026-09-13,202665091303,帯広,3,優太郎くん生誕記念(2歳),200,7,8,エイコウクイン,牝2,490.0,島津新,15.0,99
2026-09-13,202665091303,帯広,3,優太郎くん生誕記念(2歳),200,8,9,ガッツデー,牡2,510.0,鈴木恵介,15.0,99
2026-09-13,202665091303,帯広,3,優太郎くん生誕記念(2歳),200,8,10,キョウドノホシ,牡2,510.0,赤塚健仁,15.0,99
2026-09-13,202665091304,帯広,4,あと1年全共北海道2027(2歳),200,1,1,ゴーゴーソウタ,牡2,520.0,長澤幸太,15.0,99
2026-09-13,202665091304,帯広,4,あと1年全共北海道2027(2歳),200,2,2,ホクセイスズタロウ,牡2,520.0,渡来心路,15.0,99
2026-09-13,202665091304,帯広,4,あと1年全共北海道2027(2歳),200,3,3,エスペランサ,牝2,500.0,阿部武臣,15.0,99
2026-09-13,202665091304,帯広,4,あと1年全共北海道2027(2歳),200,4,4,ツカサブルージェイ,牡2,520.0,阿部優哉,15.0,99
2026-09-13,202665091304,帯広,4,あと1年全共北海道2027(2歳),200,5,5,ロイヤルノチカラ,牡2,520.0,大友一馬,15.0,99
2026-09-13,202665091304,帯広,4,あと1年全共北海道2027(2歳),200,6,6,ヒノクニキングオー,牡2,520.0,金田利貴,15.0,99
2026-09-13,202665091304,帯広,4,あと1年全共北海道2027(2歳),200,7,7,ツカサロイヤル,牝2,500.0,西謙一,15.0,99
2026-09-13,202665091304,帯広,4,あと1年全共北海道2027(2歳),200,7,8,シンゲキノハルキ,牡2,520.0,菊池一樹,15.0,99
2026-09-13,202665091304,帯広,4,あと1年全共北海道2027(2歳),200,8,9,ゴブリン,牡2,520.0,赤塚健仁,15.0,99
2026-09-13,202665091304,帯広,4,あと1年全共北海道2027(2歳),200,8,10,ロイヤルウンカイ,牡2,520.0,鈴木恵介,15.0,99
2026-09-13,202665091305,帯広,5,小笠原まさる生誕祭,200,1,1,トヨミヒラリ,牝3,590.0,渡来心路,15.0,99
2026-09-13,202665091305,帯広,5,小笠原まさる生誕祭,200,2,2,コトミチャン,牝3,580.0,臼杵龍美,15.0,99
2026-09-13,202665091305,帯広,5,小笠原まさる生誕祭,200,3,3,ストロングモモ,牝3,590.0,菊池一樹,15.0,99
2026-09-13,202665091305,帯広,5,小笠原まさる生誕祭,200,4,4,クマモトイヤサカ,牡3,610.0,西謙一,15.0,99
2026-09-13,202665091305,帯広,5,小笠原まさる生誕祭,200,5,5,ヴィクトワールラン,牡3,610.0,阿部優哉,15.0,99
2026-09-13,202665091305,帯広,5,小笠原まさる生誕祭,200,6,6,キンノロナ,牝3,590.0,赤塚健仁,15.0,99
2026-09-13,202665091305,帯広,5,小笠原まさる生誕祭,200,7,7,ブラックチャーム,牝4,590.0,林康文,15.0,99
2026-09-13,202665091305,帯広,5,小笠原まさる生誕祭,200,7,8,レディームキムキ,牝3,590.0,長澤幸太,15.0,99
2026-09-13,202665091305,帯広,5,小笠原まさる生誕祭,200,8,9,ヤマトリキ,牡3,610.0,金田利貴,15.0,99
2026-09-13,202665091305,帯広,5,小笠原まさる生誕祭,200,8,10,ラブファンタジー,牝3,590.0,阿部武臣,15.0,99
2026-09-13,202665091306,帯広,6,ミコちゃん15歳目指せ記念,200,1,1,ホクセイソウリ,牡3,620.0,中村太陽,15.0,99
2026-09-13,202665091306,帯広,6,ミコちゃん15歳目指せ記念,200,2,2,ホクトノユメ,牡3,620.0,島津新,15.0,99
2026-09-13,202665091306,帯広,6,ミコちゃん15歳目指せ記念,200,3,3,ツガルミサキ,牡3,610.0,今井千尋,15.0,99
2026-09-13,202665091306,帯広,6,ミコちゃん15歳目指せ記念,200,4,4,ジェイノヒメ,牝3,600.0,西将太,15.0,99
2026-09-13,202665091306,帯広,6,ミコちゃん15歳目指せ記念,200,5,5,マルホンポナ,牝4,600.0,中原蓮,15.0,99
2026-09-13,202665091306,帯広,6,ミコちゃん15歳目指せ記念,200,6,6,アショロノチカラ,牡4,620.0,長澤幸太,15.0,99
2026-09-13,202665091306,帯広,6,ミコちゃん15歳目指せ記念,200,7,7,ヤマノシテンノウ,牡3,610.0,吉田理人,15.0,99
2026-09-13,202665091306,帯広,6,ミコちゃん15歳目指せ記念,200,7,8,カナデ,牝4,600.0,赤塚健仁,15.0,99
2026-09-13,202665091306,帯広,6,ミコちゃん15歳目指せ記念,200,8,9,ハートキング,牡3,620.0,村上章,15.0,99
2026-09-13,202665091306,帯広,6,ミコちゃん15歳目指せ記念,200,8,10,ミスキャップ,牝3,600.0,菊池一樹,15.0,99
2026-09-13,202665091307,帯広,7,ばんえいポルコカップ,200,1,1,ツガルケッパレフジ,牡4,610.0,今井千尋,15.0,99
2026-09-13,202665091307,帯広,7,ばんえいポルコカップ,200,2,2,イナノミツヒメ,牝8,630.0,中山直樹,15.0,99
2026-09-13,202665091307,帯広,7,ばんえいポルコカップ,200,3,3,トモコ,牝4,600.0,西将太,15.0,99
2026-09-13,202665091307,帯広,7,ばんえいポルコカップ,200,4,4,カツブライト,牡3,620.0,赤塚健仁,15.0,99
2026-09-13,202665091307,帯広,7,ばんえいポルコカップ,200,5,5,ヤマノトップ,牡4,620.0,中村太陽,15.0,99
2026-09-13,202665091307,帯広,7,ばんえいポルコカップ,200,6,6,メトーフウマ,牡8,630.0,村上章,15.0,99
2026-09-13,202665091307,帯広,7,ばんえいポルコカップ,200,7,7,ホクセイダイジン,牡4,620.0,鈴木恵介,15.0,99
2026-09-13,202665091307,帯広,7,ばんえいポルコカップ,200,8,8,イワキオーカン,牡7,630.0,金田利貴,15.0,99
2026-09-13,202665091307,帯広,7,ばんえいポルコカップ,200,8,9,ジェイノミキ,牝4,590.0,臼杵龍美,15.0,99
2026-09-13,202665091308,帯広,8,結婚おめでとう小崎先輩,200,1,1,ショコラペガサス,牡7,640.0,大友一馬,15.0,99
2026-09-13,202665091308,帯広,8,結婚おめでとう小崎先輩,200,2,2,ツガルノセンショウ,牡4,620.0,吉田理人,15.0,99
2026-09-13,202665091308,帯広,8,結婚おめでとう小崎先輩,200,3,3,ドラゴンボーイ,牡10,640.0,島津新,15.0,99
2026-09-13,202665091308,帯広,8,結婚おめでとう小崎先輩,200,4,4,サクラダイヤモンド,牡9,640.0,金田利貴,15.0,99
2026-09-13,202665091308,帯広,8,結婚おめでとう小崎先輩,200,5,5,ハゴロモグルービー,牡5,640.0,西謙一,15.0,99
2026-09-13,202665091308,帯広,8,結婚おめでとう小崎先輩,200,6,6,ジェイオージョ,牝4,600.0,今井千尋,15.0,99
2026-09-13,202665091308,帯広,8,結婚おめでとう小崎先輩,200,7,7,キョウエイジェット,牡3,630.0,菊池一樹,15.0,99
2026-09-13,202665091308,帯広,8,結婚おめでとう小崎先輩,200,7,8,アカネリュウ,牡6,640.0,村上章,15.0,99
2026-09-13,202665091308,帯広,8,結婚おめでとう小崎先輩,200,8,9,アオノオサムライ,牡5,630.0,臼杵龍美,15.0,99
2026-09-13,202665091308,帯広,8,結婚おめでとう小崎先輩,200,8,10,サカノトウカイ,牡7,640.0,松本秀克,15.0,99
2026-09-13,202665091309,帯広,9,祝・立川サロン5周年記念,200,1,1,ミヤビウルフ,牡7,660.0,中村太陽,15.0,99
2026-09-13,202665091309,帯広,9,祝・立川サロン5周年記念,200,2,2,サダノブラボー,牡8,660.0,松本秀克,15.0,99
2026-09-13,202665091309,帯広,9,祝・立川サロン5周年記念,200,3,3,ホクセイレクサス,セ5,665.0,菊池一樹,15.0,99
2026-09-13,202665091309,帯広,9,祝・立川サロン5周年記念,200,4,4,ユウマダイマジン,牡5,660.0,西将太,15.0,99
2026-09-13,202665091309,帯広,9,祝・立川サロン5周年記念,200,5,5,スーパーチヨコ,牝6,640.0,鈴木恵介,15.0,99
2026-09-13,202665091309,帯広,9,祝・立川サロン5周年記念,200,6,6,タイタス,牡7,660.0,渡来心路,15.0,99
2026-09-13,202665091309,帯広,9,祝・立川サロン5周年記念,200,7,7,キタノボブサップ,牡9,660.0,金田利貴,15.0,99
2026-09-13,202665091309,帯広,9,祝・立川サロン5周年記念,200,7,8,タンジロウ,牡7,660.0,長澤幸太,15.0,99
2026-09-13,202665091309,帯広,9,祝・立川サロン5周年記念,200,8,9,シンエイファイト,牝5,630.0,吉田理人,15.0,99
2026-09-13,202665091309,帯広,9,祝・立川サロン5周年記念,200,8,10,オオネガイキンヒメ,牝5,640.0,赤塚健仁,15.0,99
2026-09-13,202665091310,帯広,10,いちい賞(2歳)OP,200,1,1,サカノヒカルアオ,牝2,520.0,西謙一,15.0,99
2026-09-13,202665091310,帯広,10,いちい賞(2歳)OP,200,2,2,ショウライトマユ,牝2,520.0,今井千尋,15.0,99
2026-09-13,202665091310,帯広,10,いちい賞(2歳)OP,200,3,3,ツカサエンゼル,牝2,520.0,島津新,15.0,99
2026-09-13,202665091310,帯広,10,いちい賞(2歳)OP,200,4,4,ハオリブル,牝2,520.0,菊池一樹,15.0,99
2026-09-13,202665091310,帯広,10,いちい賞(2歳)OP,200,5,5,ヤマカツサクラ,牝2,520.0,金田利貴,15.0,99
2026-09-13,202665091310,帯広,10,いちい賞(2歳)OP,200,6,6,フェアリーマックス,牝2,520.0,阿部優哉,15.0,99
2026-09-13,202665091310,帯広,10,いちい賞(2歳)OP,200,7,7,アンズティエルナ,牝2,520.0,西将太,15.0,99
2026-09-13,202665091310,帯広,10,いちい賞(2歳)OP,200,7,8,ドウナンリュウホオ,牝2,520.0,阿部武臣,15.0,99
2026-09-13,202665091310,帯広,10,いちい賞(2歳)OP,200,8,9,キタサカエヒトミ,牝2,520.0,鈴木恵介,15.0,99
2026-09-13,202665091310,帯広,10,いちい賞(2歳)OP,200,8,10,サッコノイモウト,牝2,520.0,村上章,15.0,99
2026-09-13,202665091311,帯広,11,岩見沢記念重賞,200,1,1,ローランド,牡6,820.0,渡来心路,15.0,99
2026-09-13,202665091311,帯広,11,岩見沢記念重賞,200,2,2,キングフェスタ,牡7,830.0,長澤幸太,15.0,99
2026-09-13,202665091311,帯広,11,岩見沢記念重賞,200,3,3,ツガルノヒロイモノ,牡7,830.0,鈴木恵介,15.0,99
2026-09-13,202665091311,帯広,11,岩見沢記念重賞,200,4,4,タカラキングダム,牡6,830.0,阿部武臣,15.0,99
2026-09-13,202665091311,帯広,11,岩見沢記念重賞,200,5,5,クリスタルコルド,牡7,820.0,西謙一,15.0,99
2026-09-13,202665091311,帯広,11,岩見沢記念重賞,200,6,6,マルホンリョウユウ,牡6,820.0,金田利貴,15.0,99
2026-09-13,202665091312,帯広,12,B2ー2,200,1,1,ダイヤセンプー,牡5,650.0,中原蓮,15.0,99
2026-09-13,202665091312,帯広,12,B2ー2,200,2,2,ツカサタロウ,牡6,650.0,菊池一樹,15.0,99
2026-09-13,202665091312,帯広,12,B2ー2,200,3,3,ホクショウムサシ,牡8,650.0,西将太,15.0,99
2026-09-13,202665091312,帯広,12,B2ー2,200,4,4,ジェイマキシマム,牡4,640.0,鈴木恵介,15.0,99
2026-09-13,202665091312,帯広,12,B2ー2,200,5,5,イワキブラボー,牡5,650.0,長澤幸太,15.0,99
2026-09-13,202665091312,帯広,12,B2ー2,200,6,6,トム,牡5,640.0,今井千尋,15.0,99
2026-09-13,202665091312,帯広,12,B2ー2,200,7,7,コーワホープ,牡6,650.0,西謙一,15.0,99
2026-09-13,202665091312,帯広,12,B2ー2,200,7,8,ジェイスカイ,牡7,650.0,赤塚健仁,15.0,99
2026-09-13,202665091312,帯広,12,B2ー2,200,8,9,ヤマトテンショウ,牡3,645.0,中村太陽,15.0,99
2026-09-13,202665091312,帯広,12,B2ー2,200,8,10,クリスタルホーク,牡7,650.0,島津新,15.0,99
