date,race_id,race_name,honmei_umaban,partners,honmei_name,result_pay,pay_tansho,pay_umaren,pay_wide,pay_sanrenpuku,pay_sanrentan_axis,pay_sanrentan_form
2026-08-12 13:02:29,202650081201,園田 1R 【C3三】,1,"04,2,05",履歴,,0,0,0,0,0,0
2026-08-12 13:38:47,202642081201,浦和 1R 【サマードリームリレースタート賞(3歳)】,5,"2,02,01",履歴,,0,0,0,0,0,0
2026-08-12 13:45:01,202642081202,浦和 2R 【3歳五】,10,"06,01,05",履歴,,0,0,0,0,0,0
2026-08-12 13:53:07,202642081203,浦和 3R 【3歳四】,2,"10,05,09",履歴,,0,0,0,0,0,0
2026-08-12 14:04:29,202644081201,大井 1R 【3歳九十11(3歳十)】,3,"08,07,05",履歴,,0,0,0,0,0,0
2026-08-12 15:39:46,202642081206,浦和 6R 【C2選抜馬イ】,10,"3,12,4",履歴,,0,0,0,0,0,0
2026-08-12 15:43:18,202630081204,門別 4R 【3歳以上C4ー3】,2,"08,06,09",履歴,,0,0,0,0,0,0
2026-08-12 15:49:10,202630081205,門別 5R 【JRA認定競走アタックチャレンジ競走(2歳)】,8,"05,01,06",履歴,,0,0,0,0,0,0
2026-08-12 15:55:09,202647081210,笠松 10R 【岐阜美少女図鑑しろゆり賞(A)】,1,,履歴,,0,0,0,0,0,0
